condition_status,count,sum,sumsq
with,536,63987.000,7640471.000000000000
without,49161,5688086.000,660279012.0000000000000
