condition_status,count,sum,sumsq
with,503,60165.000,7198175.000000000000
without,49214,5693160.000,660764608.0000000000000
